{
  "botPrompts" : [ {
    "sequenceNr" : null,
    "text" : "Please enter datos_personales"
  } ],
  "compositeBagItems" : [ {
    "description" : "Es el nombre del becario.",
    "entityName" : "ADDRESS",
    "entityUsage" : {
      "type" : "SYSTEM",
      "botPrompts" : [ ],
      "fuzzyMatch" : false,
      "multiValue" : false,
      "name" : "ADDRESS",
      "promptForDisambiguation" : true,
      "trackingId" : "73EF09B9-97A0-47FE-82A9-C06A56A624C9",
      "validationRules" : [ ]
    },
    "fuzzyMatch" : false,
    "maxPrompts" : 3,
    "multiLingual" : false,
    "multiValue" : false,
    "name" : "nombre",
    "outOfOrderExtraction" : false,
    "promptForDisambiguation" : true,
    "prompts" : [ {
      "sequenceNr" : 1,
      "text" : "¿Cómo te llamas?"
    }, {
      "sequenceNr" : 2,
      "text" : "Ese no es un nombre valido"
    } ],
    "sequenceNr" : 1,
    "trackingId" : "CCDA1977-6EEA-416A-BA0A-801B5B91A70C",
    "type" : "STRING"
  }, {
    "entityName" : "ADDRESS",
    "entityUsage" : {
      "type" : "SYSTEM",
      "botPrompts" : [ ],
      "fuzzyMatch" : false,
      "multiValue" : false,
      "name" : "ADDRESS",
      "promptForDisambiguation" : true,
      "trackingId" : "73EF09B9-97A0-47FE-82A9-C06A56A624C9",
      "validationRules" : [ ]
    },
    "fuzzyMatch" : false,
    "maxPrompts" : 3,
    "multiLingual" : false,
    "multiValue" : false,
    "name" : "apellido_p",
    "outOfOrderExtraction" : false,
    "promptForDisambiguation" : true,
    "prompts" : [ {
      "sequenceNr" : 1,
      "text" : "Ingresa tu apellido paterno"
    } ],
    "sequenceNr" : 2,
    "trackingId" : "D77D143E-56F6-4104-8C3F-CE232ADA26D3",
    "type" : "STRING"
  }, {
    "entityName" : "ADDRESS",
    "entityUsage" : {
      "type" : "SYSTEM",
      "botPrompts" : [ ],
      "fuzzyMatch" : false,
      "multiValue" : false,
      "name" : "ADDRESS",
      "promptForDisambiguation" : true,
      "trackingId" : "73EF09B9-97A0-47FE-82A9-C06A56A624C9",
      "validationRules" : [ ]
    },
    "fuzzyMatch" : false,
    "maxPrompts" : 3,
    "multiLingual" : false,
    "multiValue" : false,
    "name" : "apellido_m",
    "outOfOrderExtraction" : false,
    "promptForDisambiguation" : true,
    "prompts" : [ {
      "sequenceNr" : 1,
      "text" : "Ingresa tu apellido materno"
    } ],
    "sequenceNr" : 3,
    "trackingId" : "9521D60F-EA1F-4D70-8FDA-9095427D841A",
    "type" : "STRING"
  }, {
    "customSettings" : {
      "date" : {
        "version" : "1.0",
        "ambiguousDateResolution" : "DEFAULT",
        "defaultDateFormat" : "MONTH_DAY",
        "userLocaleEnabled" : true
      }
    },
    "entityName" : "DATE",
    "entityUsage" : {
      "type" : "SYSTEM",
      "botPrompts" : [ ],
      "customSettings" : {
        "date" : {
          "version" : "1.0",
          "ambiguousDateResolution" : "DEFAULT",
          "defaultDateFormat" : "MONTH_DAY",
          "userLocaleEnabled" : true
        }
      },
      "fuzzyMatch" : false,
      "multiValue" : false,
      "name" : "DATE",
      "promptForDisambiguation" : true,
      "trackingId" : "04929670-30D4-4B38-9A75-1528B6D13D8C",
      "validationRules" : [ ]
    },
    "fuzzyMatch" : false,
    "maxPrompts" : 3,
    "multiLingual" : false,
    "multiValue" : false,
    "name" : "fecha_nacimiento",
    "outOfOrderExtraction" : false,
    "promptForDisambiguation" : false,
    "prompts" : [ {
      "sequenceNr" : 1,
      "text" : "¿Cuál es tu fecha de nacimiento?"
    } ],
    "sequenceNr" : 4,
    "trackingId" : "C24E4DC1-AD1D-4BD0-88BA-548CC95CE0E9",
    "type" : "ENTITY"
  }, {
    "entityName" : "CURP",
    "entityUsage" : {
      "type" : "PATTERNBASED",
      "botPrompts" : [ {
        "text" : "Please enter CURP",
        "trackingId" : "7EC6F55E-547D-4568-AA4F-3F7C29DA91D5"
      } ],
      "customSettings" : null,
      "description" : null,
      "disambiguationPrompt" : null,
      "enumRangeSize" : null,
      "errorMessage" : null,
      "eventHandler" : null,
      "extensionType" : null,
      "fuzzyMatch" : false,
      "multiLingual" : null,
      "multiValue" : false,
      "name" : "CURP",
      "patternExpression" : "^([A-Z][AEIOUX][A-Z]{2}\\d{2}(?:0[1-9]|1[0-2])(?:0[1-9]|[12]\\d|3[01])[HM](?:AS|B[CS]|C[CLMSH]|D[FG]|G[TR]|HG|JC|M[CNS]|N[ETL]|OC|PL|Q[TR]|S[PLR]|T[CSL]|VZ|YN|ZS)[B-DF-HJ-NP-TV-Z]{3}[A-Z\\d])(\\d)$",
      "promptForDisambiguation" : true,
      "trackingId" : "4C2454E8-7A33-435C-AF49-328371EB4A4C",
      "validationRules" : [ ]
    },
    "fuzzyMatch" : false,
    "maxPrompts" : 3,
    "multiLingual" : false,
    "multiValue" : false,
    "name" : "curp",
    "outOfOrderExtraction" : false,
    "promptForDisambiguation" : false,
    "prompts" : [ {
      "sequenceNr" : 1,
      "text" : "Ingresa tu curp"
    } ],
    "sequenceNr" : 5,
    "trackingId" : "23EEB1B0-E3B8-4A51-B098-751259706E6F",
    "type" : "ENTITY"
  }, {
    "entityName" : "PERSONA",
    "entityUsage" : {
      "type" : "ENUMVALUES",
      "botPrompts" : [ {
        "text" : "Please enter PERSONA",
        "trackingId" : "FCFF2712-F696-4F6A-961C-2D237B124754"
      } ],
      "customSettings" : null,
      "description" : "Tipo de becario (Estudiante, Profesor)",
      "disambiguationPrompt" : null,
      "enumRangeSize" : null,
      "errorMessage" : null,
      "eventHandler" : null,
      "extensionType" : null,
      "fuzzyMatch" : false,
      "multiLingual" : null,
      "multiValue" : false,
      "name" : "PERSONA",
      "promptForDisambiguation" : true,
      "trackingId" : "62B9E054-74A8-46A4-8B5D-FA069E96E23F",
      "validationRules" : [ ],
      "valueClass" : "oracle.cloud.bots.model.entity.metadata.StaticEntityValue"
    },
    "fuzzyMatch" : false,
    "multiLingual" : false,
    "multiValue" : false,
    "name" : "tipo_persona",
    "outOfOrderExtraction" : false,
    "promptForDisambiguation" : false,
    "prompts" : [ {
      "sequenceNr" : 1,
      "text" : "Finalmente ¿qué tipo de becario eres?"
    } ],
    "sequenceNr" : 6,
    "trackingId" : "BC0CAE1C-6162-4708-8278-FABD19B7E434",
    "type" : "ENTITY"
  } ],
  "description" : "Esta bolsa contiene los datos personales del becario.",
  "eventHandler" : "oda_components_pack:datos_personales_handler",
  "fuzzyMatch" : false,
  "multiValue" : false,
  "name" : "DATOS_PERSONALES",
  "promptForDisambiguation" : true,
  "trackingId" : "D65ABB37-4A17-4ED8-B73D-DDE7E778E555",
  "type" : "COMPOSITEBAG",
  "validationRules" : [ ]
}