{
  "keys" : {
    "systemComponent_AgentConversation_conclusionMessage" : {
      "annotation" : "The message shown to the user when human agent ends the chat.",
      "extensionType" : null,
      "message" : "Chat session ended. Thanks for chatting with us.",
      "trackingId" : "ECF69580-61BC-4550-956E-17E281FC9603"
    },
    "systemComponent_AgentConversation_errorMessage" : {
      "annotation" : "The message shown to the user when Digital Assistant experiences errors with the agent chat system.",
      "extensionType" : null,
      "message" : "Chat session error. The reason is: {0}.",
      "trackingId" : "D184DBA2-238C-4829-A967-ED6013586221"
    },
    "systemComponent_AgentConversation_exitKeywords" : {
      "annotation" : "Comma-delimited list of keywords the user can use to end the chat with the agent.",
      "extensionType" : null,
      "message" : "bye, take care, see you, goodbye",
      "trackingId" : "FC1A95F1-C4A7-43CF-9FF0-2169CBC76DE0"
    },
    "systemComponent_AgentConversation_expiryMessage" : {
      "annotation" : "The message shown to the user when the chat session expires.",
      "extensionType" : null,
      "message" : "Chat session expired. Thanks for chatting with us.",
      "trackingId" : "1E2C7262-B1CA-4307-A2CF-5BE755816CBE"
    },
    "systemComponent_AgentConversation_userLeftMessage" : {
      "annotation" : null,
      "extensionType" : null,
      "message" : "User left the chat.",
      "trackingId" : "FC233478-8166-4C03-B7D3-CE0547A3DA95"
    },
    "systemComponent_AgentConversation_waitExpiryMessage" : {
      "annotation" : "The message shown to the user when the chat expires while waiting for an agent.",
      "extensionType" : null,
      "message" : "The request for live chat expired while waiting for an agent.",
      "trackingId" : "4BE5559E-B86A-47A2-8FE1-B9C5D93080E3"
    },
    "systemComponent_AgentInitiation_agentActionsMessage" : {
      "annotation" : "Message preceding the list of agent actions.",
      "extensionType" : null,
      "message" : "\\n Here are the available actions that you can send to transfer the conversation back to the bot. Prepend the action with a forward slash (for example, /actionName).\\n",
      "trackingId" : "50DC227C-E4B2-4531-A38B-E8FFC158BE90"
    },
    "systemComponent_AgentInitiation_errorMessage" : {
      "annotation" : "The message shown to user when system error occurs during chat initiation with agent.",
      "extensionType" : null,
      "message" : "Error transferring to agent. The reason is: {0}.",
      "trackingId" : "6259D898-8822-4735-A3F6-F03491F2E04D"
    },
    "systemComponent_AgentInitiation_rejectedMessage" : {
      "annotation" : "The message shown to the user when human agent rejects the chat request.",
      "extensionType" : null,
      "message" : "Agent rejected.",
      "trackingId" : "F7284245-BE1B-4F50-8815-762C32FE1D07"
    },
    "systemComponent_AgentInitiation_resumedMessage" : {
      "annotation" : "The message shown to the user when the chat with human agent is resumed.",
      "extensionType" : null,
      "message" : "Resuming chat with agent",
      "trackingId" : "92A743C2-982B-4CA9-82DA-6293FF27A6AA"
    },
    "systemComponent_AgentInitiation_waitingMessage" : {
      "annotation" : "The message that's shown to users when they are waiting for a human agent.",
      "extensionType" : null,
      "message" : "Agent chat session established, Waiting for agent to join.",
      "trackingId" : "552727C3-D179-4315-848B-9FB1DC99A412"
    },
    "systemComponent_AgentTransfer_acceptedMessage" : {
      "annotation" : "The message that's shown to the users whenever a human agent accepts the chat request.",
      "extensionType" : null,
      "message" : "The chat has been transferred to another agent.",
      "trackingId" : "9A2E19EC-A05A-4CDF-87D6-37BCF9EBC7A3"
    },
    "systemComponent_AgentTransfer_errorMessage" : {
      "annotation" : "The message shown to the user when Digital Assistant experiences trouble with the agent chat system.",
      "extensionType" : null,
      "message" : "We were unable to transfer you to another agent because there was a system error.",
      "trackingId" : "F6AAEE85-93D8-49F4-9B9E-E96BC204EA2D"
    },
    "systemComponent_AgentTransfer_rejectedMessage" : {
      "annotation" : "The message that's shown to the users whenever a human agent rejects the chat request, 'maxEngagementsInQueue' is exceeded, the 'allowTransferIf' condition is not met, or the estimated wait time exceeds 'maxWaitSeconds'.",
      "extensionType" : null,
      "message" : "Agent rejected.",
      "trackingId" : "8A93BA46-7283-442A-8562-035ACF9543BB"
    },
    "systemComponent_AgentTransfer_waitingMessage" : {
      "annotation" : "The message that's shown to users when they're transferred to a human agent.",
      "extensionType" : null,
      "message" : "Agent chat session established, Waiting for agent to join.",
      "trackingId" : "493D830B-8E41-48BD-8DAE-3FA397FC65AD"
    },
    "systemComponent_IntelligentAdvisor_answerNotValid" : {
      "annotation" : "Message that's displayed for Intelligent Advisor interview inputs of type Masked when the user's answer doesn't conform to the specified input mask.",
      "extensionType" : null,
      "message" : "The answer is not in the correct format. Try again.",
      "trackingId" : "A50F2DD9-0D1C-48E3-91D5-D67EC5E86902"
    },
    "systemComponent_IntelligentAdvisor_defaultValue" : {
      "annotation" : "Text that's added to a question when the Intelligent Advisor interview input has a default value.",
      "extensionType" : null,
      "message" : "Suggested value is {0}.",
      "trackingId" : "6728B8A8-5817-4D3C-BFA4-C483D1E62819"
    },
    "systemComponent_IntelligentAdvisor_doneHelp" : {
      "annotation" : "Help message that's displayed for Intelligent Advisor interview inputs of type Upload.",
      "extensionType" : null,
      "message" : "When you are done with the upload, say {0}.",
      "trackingId" : "1D225950-8F5E-4E10-AC2E-5D0C81934AC9"
    },
    "systemComponent_IntelligentAdvisor_doneLabel" : {
      "annotation" : "The text that users have to type to indicate that they are done uploading a file.",
      "extensionType" : null,
      "message" : "/done",
      "trackingId" : "ABD1D5F0-DA55-44CB-B179-6B4B7362D525"
    },
    "systemComponent_IntelligentAdvisor_endLabel" : {
      "annotation" : "The label that is shown in the chat at the end of the interview.",
      "extensionType" : null,
      "message" : "Interview ended",
      "trackingId" : "CDB3C133-9397-462A-AE7F-C6F3EC5F0963"
    },
    "systemComponent_IntelligentAdvisor_exitLabel" : {
      "annotation" : "The text that users have to type to indicate that they want to exit the interview.",
      "extensionType" : null,
      "message" : "/exit",
      "trackingId" : "630E208A-6026-4C5D-99C7-F273E0E4328C"
    },
    "systemComponent_IntelligentAdvisor_explanationAskLabel" : {
      "annotation" : "The question that is asked when showExplanation is set to 'ask'.",
      "extensionType" : null,
      "message" : "Do you want to see the explanation?",
      "trackingId" : "346DBA0E-F794-4AEA-A719-903BD41F97E1"
    },
    "systemComponent_IntelligentAdvisor_maskLabel" : {
      "annotation" : "Text that's added to a question to display the expected format for Intelligent Advisor interview inputs of type Masked Text Box.",
      "extensionType" : null,
      "message" : "Answer format: {0}",
      "trackingId" : "EB614280-5E60-470C-A0FE-BF140BB42DEC"
    },
    "systemComponent_IntelligentAdvisor_noLabel" : {
      "annotation" : "The label to use to represent Boolean FALSE values.",
      "extensionType" : null,
      "message" : "No",
      "trackingId" : "E9315A15-E009-4554-83C2-D13C137D9734"
    },
    "systemComponent_IntelligentAdvisor_numberMinMax" : {
      "annotation" : "Message that's displayed when the user enters a value outside of the specified range for an Intelligent Advisor interview input of type Slider.",
      "extensionType" : null,
      "message" : "Enter a number between {0} and {1}.",
      "trackingId" : "1856BEF8-9C3F-456B-9FB0-692DC5075D3F"
    },
    "systemComponent_IntelligentAdvisor_outOfOrderMessage" : {
      "annotation" : "Error message that's displayed when the user taps a button in a previous Intelligent Advisor interview message.",
      "extensionType" : null,
      "message" : "You have already answered this question. When you want to step backwards to change a previous answer, say {0}.",
      "trackingId" : "14BDEF8A-9DBD-425B-BC14-6793BCEA1667"
    },
    "systemComponent_IntelligentAdvisor_resetLabel" : {
      "annotation" : "The text that users have to type to indicate that they want to go back to the first question.",
      "extensionType" : null,
      "message" : "/reset",
      "trackingId" : "0FE867AC-7458-457E-A725-13F4C6EFAF82"
    },
    "systemComponent_IntelligentAdvisor_resumeSessionPrompt" : {
      "annotation" : "Question that is asked if the user starts an interview that they had previously left before the interview completed.",
      "extensionType" : null,
      "message" : "Do you want to restart the interview from where you previously left?",
      "trackingId" : "FFCAA0B3-A0F9-46A7-B2BC-52F68D187408"
    },
    "systemComponent_IntelligentAdvisor_uncertainLabel" : {
      "annotation" : "The label that appears for optional values and is what the user can type if they don't know the value.",
      "extensionType" : null,
      "message" : "Uncertain",
      "trackingId" : "08BBA423-FE95-4BAD-81E3-6E2A4D7B4E0C"
    },
    "systemComponent_IntelligentAdvisor_undoLabel" : {
      "annotation" : "The text that users have to type to indicate that they want to go back to the previous question.",
      "extensionType" : null,
      "message" : "/back",
      "trackingId" : "72B61EA3-EF75-468C-AEA8-D124BF691ED5"
    },
    "systemComponent_IntelligentAdvisor_yesLabel" : {
      "annotation" : "The label to use to represent Boolean TRUE values.",
      "extensionType" : null,
      "message" : "Yes",
      "trackingId" : "C70C357A-C318-43A8-BD84-17534789BFCA"
    },
    "systemComponent_IntelligentAdvisor_yesNoMessage" : {
      "annotation" : "Message that's displayed when the user enters an invalid answer for Intelligent Advisor interview inputs of type Boolean Radio Button.",
      "extensionType" : null,
      "message" : "Enter either {0} or {1}",
      "trackingId" : "DCB163B8-ABE8-4BFC-8E02-80274D808019"
    },
    "systemComponent_Intent_optionsPrompt" : {
      "annotation" : "The prompt shown to the user when there are multiple top intents within the confidence win margin.",
      "extensionType" : null,
      "message" : "Do you want to",
      "trackingId" : "DE7FA2DD-C727-4825-8E42-9A2219598479"
    },
    "systemComponent_Intent_optionsQnaLabel" : {
      "annotation" : "The label of the action in the options (see optionsPrompt) that will take the user to the QnA component to display the matches.",
      "extensionType" : null,
      "message" : "View Answers",
      "trackingId" : "160020DB-D70F-4CE4-814D-91FCBF122395"
    },
    "systemComponent_KnowledgeSearch_defaultAttachmentLabel" : {
      "annotation" : "The default label to use for the result card's URL action that is linked with an attachment of the search result if that attachment does not have a display name configured already.",
      "extensionType" : null,
      "message" : "Download",
      "trackingId" : "94EDEFCA-EB9A-470B-ACB2-3FAFC4E50E3E"
    },
    "systemComponent_KnowledgeSearch_noResultText" : {
      "annotation" : "The text to output when no search result is available.",
      "extensionType" : null,
      "message" : "Sorry, no result was found in the knowledge search.",
      "trackingId" : "9F63C417-714F-4300-BA57-0E4B13D9476E"
    },
    "systemComponent_KnowledgeSearch_resultLinkLabel" : {
      "annotation" : "The label to use for the result card's URL action that's linked to the web version of the knowledge article.",
      "extensionType" : null,
      "message" : "View Details",
      "trackingId" : "2ABA8B7F-6281-4CDE-B513-1C8AEA15D958"
    },
    "systemComponent_OAuth2AccountLink_cancelLabel" : {
      "annotation" : "The label for the cancel button that lets users leave the state without invoking the authentication dialog.",
      "extensionType" : null,
      "message" : "Cancel",
      "trackingId" : "4857A2DE-D26D-4C70-99F0-63B0F5AA0427"
    },
    "systemComponent_OAuth2AccountLink_linkLabel" : {
      "annotation" : "The label for the button that invokes the authentication dialog.",
      "extensionType" : null,
      "message" : "Get an access token",
      "trackingId" : "373FC352-B834-4074-B493-E854DD3D416A"
    },
    "systemComponent_OAuth2AccountLink_prompt" : {
      "annotation" : "The message that tells users to sign in now.",
      "extensionType" : null,
      "message" : "Please sign in",
      "trackingId" : "8560042E-71BD-43AD-9526-A8AB66FECDD6"
    },
    "systemComponent_OAuthAccountLink_cancelLabel" : {
      "annotation" : "The label for the cancel button that lets users leave the state without invoking the authentication dialog.",
      "extensionType" : null,
      "message" : "Cancel",
      "trackingId" : "7AD85726-1B7F-4A61-A48E-C8A7BD4A84C7"
    },
    "systemComponent_OAuthAccountLink_linkLabel" : {
      "annotation" : "The label for the button that invokes the authentication dialog.",
      "extensionType" : null,
      "message" : "Log In",
      "trackingId" : "B5208712-3408-4923-8AB9-48B237BAF6EE"
    },
    "systemComponent_OAuthAccountLink_prompt" : {
      "annotation" : "The message that tells users to sign in now.",
      "extensionType" : null,
      "message" : "Please tap on the link to proceed",
      "trackingId" : "9D7634F8-692A-4587-B44B-0747B437DBF3"
    },
    "systemComponent_QnA_answersLabel" : {
      "annotation" : "The label for the action to view answers in a particular category.",
      "extensionType" : null,
      "message" : "Answers",
      "trackingId" : "1AA9FB7F-2152-45A5-9B50-6E4C438BE558"
    },
    "systemComponent_QnA_categoriesLabel" : {
      "annotation" : "The label for the action to display the categories that match the user utterance.",
      "extensionType" : null,
      "message" : "Categories",
      "trackingId" : "85B42451-F253-4F13-B5C7-BC3B14A32966"
    },
    "systemComponent_QnA_exitLabel" : {
      "annotation" : "The label for the exit questions action.",
      "extensionType" : null,
      "message" : "Exit Questions",
      "trackingId" : "E463DD89-77A8-4C30-BD8D-B4D3173907FF"
    },
    "systemComponent_QnA_moreAnswersLabel" : {
      "annotation" : "The label for the action to paginate to next set of answers.",
      "extensionType" : null,
      "message" : "More Answers",
      "trackingId" : "5B9E2A8E-A363-4F7C-9AAF-894028F1E9FD"
    },
    "systemComponent_QnA_moreCategoriesLabel" : {
      "annotation" : "The label for the action to paginate to next set of categories.",
      "extensionType" : null,
      "message" : "More Categories",
      "trackingId" : "CE34E196-6C38-428F-B734-7E3A9E18E120"
    },
    "systemComponent_QnA_subCategoriesLabel" : {
      "annotation" : "The label for the action to display sub-categories within a given category.",
      "extensionType" : null,
      "message" : "Sub-Categories",
      "trackingId" : "33AE5AB9-E7FE-4419-B5AB-D72681EF9420"
    },
    "systemComponent_QnA_viewAnswerLabel" : {
      "annotation" : "The label for the action to view answer details.",
      "extensionType" : null,
      "message" : "View",
      "trackingId" : "D13FAB4D-205B-48A0-8A19-D68409133274"
    },
    "systemComponent_ResolveEntities_defaultDisambiguationPrompt" : {
      "annotation" : "Default message shown when the user entered ambiguous input causing multiple entity matches.",
      "extensionType" : null,
      "message" : "Please select one value for {0}",
      "trackingId" : "EDB2FAD5-00BB-4E68-B847-1C83BB5C3FBE"
    },
    "systemComponent_ResolveEntities_defaultPrompt" : {
      "annotation" : "Default message shown to prompt the user for input.",
      "extensionType" : null,
      "message" : "Please enter {0}",
      "trackingId" : "13E95382-85B7-4315-9541-DF2A63E947A9"
    },
    "systemComponent_ResolveEntities_showMoreLabel" : {
      "annotation" : "The label used for the forward pagination button when the number of enumeration values, or disambiguation matches exceeds the 'Enumeration Range Size' property of the composite bag item.",
      "extensionType" : null,
      "message" : "Show More",
      "trackingId" : "315DEEE0-4093-4BA4-B643-6B5331E7A04E"
    },
    "systemComponent_ResolveEntities_showPreviousLabel" : {
      "annotation" : "The label used for the backward pagination button when the number of enumeration values, or disambiguation matches exceeds the 'Enumeration Range Size' property of the composite bag item.",
      "extensionType" : null,
      "message" : "Show Previous",
      "trackingId" : "7AFFB20B-D33E-45DD-9DDD-182D4EFB7E69"
    },
    "systemComponent_SelectCalendarEvent_prompt" : {
      "annotation" : "The text that appears before the list of meeting.",
      "extensionType" : null,
      "message" : "You have the following meeting(s):",
      "trackingId" : "EF6FCEA2-8FFF-4B60-BC3F-F64B0E8AE871"
    },
    "systemComponent_Webview_cancelLabel" : {
      "annotation" : "The label of the cancel button to leave this state without invoking the webview.",
      "extensionType" : null,
      "message" : "Cancel",
      "trackingId" : "968C1379-A4AA-46A9-8813-A465F3DF4818"
    },
    "systemComponent_Webview_linkLabel" : {
      "annotation" : "The label of the button to invoke the webview.",
      "extensionType" : null,
      "message" : "Tap to continue",
      "trackingId" : "46E8924D-5202-4E12-B663-B421F116EA70"
    },
    "systemComponent_Webview_prompt" : {
      "annotation" : "The message for the user to tap on the link to invoke the webview.",
      "extensionType" : null,
      "message" : "Please tap on the link to proceed",
      "trackingId" : "FF938D74-BED9-4233-9B59-9AF0209E0B51"
    },
    "systemConfiguration_autoNumberPrefixSeparator" : {
      "annotation" : "The separator used between the number prefix and the postback action label.",
      "extensionType" : null,
      "message" : ".",
      "trackingId" : "939E852F-B3AD-4C75-BCB8-52A92047C55E"
    },
    "systemConfiguration_autoNumberPrefixes" : {
      "annotation" : "The prefixes used for auto-numbering postback action labels.",
      "extensionType" : null,
      "message" : "1,2,3,4,5,6,7,8,9,10,11,12,13,14,15,16,17,18,19,20",
      "trackingId" : "64C6513C-D053-40ED-A1CB-E87F0A918E4D"
    },
    "systemConfiguration_errorExpiredSessionPrompt" : {
      "annotation" : "The message when the session has expired.",
      "extensionType" : null,
      "message" : "Your session has expired.  Please start again.",
      "trackingId" : "9C016AC7-1514-4D1F-B2D2-C30D1ECC47A1"
    },
    "systemConfiguration_errorMaxStatesExceededPrompt" : {
      "annotation" : "The message when the bot appears to be in an infinite loop.",
      "extensionType" : null,
      "message" : "Your session appears to be in an infinite loop.",
      "trackingId" : "6991F805-AED9-446F-94FC-9501A04C4E86"
    },
    "systemConfiguration_errorUnexpectedErrorPrompt" : {
      "annotation" : "The message when there is an unexpected error.",
      "extensionType" : null,
      "message" : "Oops I'm encountering a spot of trouble. Please try again later...",
      "trackingId" : "0584B93D-D053-4056-8738-A14D3D20EBCC"
    },
    "systemConfiguration_internalWelcomeMessage" : {
      "annotation" : "The internal message sent to the skill when a channel handles the event that a new user has gotten access to the skill. The reply to the internal message is sent as welcome message to the new user.",
      "extensionType" : null,
      "message" : "help",
      "trackingId" : "0B2806FE-F6B7-4EC1-ACBA-EC7E36114B7B"
    },
    "systemConfiguration_oauthCancelPrompt" : {
      "annotation" : "The message when OAuth authorization is canceled.",
      "extensionType" : null,
      "message" : "Authentication canceled.",
      "trackingId" : "666015D3-8989-49AA-97C7-39B96292B676"
    },
    "systemConfiguration_oauthSuccessPrompt" : {
      "annotation" : "The message when OAuth authorization succeeds.",
      "extensionType" : null,
      "message" : "Authentication successful! You can return to the conversation.",
      "trackingId" : "7653220A-E9FA-4463-9239-917F4EE2460C"
    },
    "systemFlowName_bienvenida_intent" : {
      "annotation" : null,
      "extensionType" : null,
      "message" : "bienvenida_intent",
      "trackingId" : "C1B7C426-7F81-4AA2-B891-9DA04739E1FA"
    },
    "systemFlowName_registro_beca" : {
      "annotation" : null,
      "extensionType" : null,
      "message" : "registro_beca",
      "trackingId" : "F98AC1E5-E1A4-419D-9BAE-8A077298F4A2"
    }
  },
  "languageTag" : "default"
}