{
  "autoCompleteData" : [ ],
  "description" : "Intent principal de bienvenida.",
  "enabled" : true,
  "exampleData" : [ {
    "contributor" : null,
    "crowdJobId" : null,
    "detectedLanguage" : null,
    "developerId" : null,
    "developerTag" : null,
    "exampleEntities" : [ ],
    "nativeLanguageTag" : "es",
    "sentence" : "hola",
    "trackingId" : "22D8D257-05C9-4316-B1F0-FD5E67C860DC",
    "translated" : null,
    "translatedBy" : null,
    "translatedLanguage" : null
  }, {
    "contributor" : null,
    "crowdJobId" : null,
    "detectedLanguage" : null,
    "developerId" : null,
    "developerTag" : null,
    "exampleEntities" : [ ],
    "nativeLanguageTag" : "es",
    "sentence" : "que hay?",
    "trackingId" : "5800C7C5-F001-42F5-B567-4EDBDDB07193",
    "translated" : null,
    "translatedBy" : null,
    "translatedLanguage" : null
  }, {
    "contributor" : null,
    "crowdJobId" : null,
    "detectedLanguage" : null,
    "developerId" : null,
    "developerTag" : null,
    "exampleEntities" : [ ],
    "nativeLanguageTag" : "es",
    "sentence" : "qué tal?",
    "trackingId" : "BCD7F058-8BF5-42CC-8477-03356083B420",
    "translated" : null,
    "translatedBy" : null,
    "translatedLanguage" : null
  }, {
    "contributor" : null,
    "crowdJobId" : null,
    "detectedLanguage" : null,
    "developerId" : null,
    "developerTag" : null,
    "exampleEntities" : [ ],
    "nativeLanguageTag" : "es",
    "sentence" : "¿cómo estás?",
    "trackingId" : "BE354487-D815-4EA7-BB17-91E863F92D56",
    "translated" : null,
    "translatedBy" : null,
    "translatedLanguage" : null
  }, {
    "contributor" : null,
    "crowdJobId" : null,
    "detectedLanguage" : null,
    "developerId" : null,
    "developerTag" : null,
    "exampleEntities" : [ ],
    "nativeLanguageTag" : "es",
    "sentence" : "¿que onda?",
    "trackingId" : "19F3AB81-B247-4719-9556-65E776CF1FDC",
    "translated" : null,
    "translatedBy" : null,
    "translatedLanguage" : null
  } ],
  "intentParameters" : [ ],
  "name" : "bienvenida_intent",
  "trackingId" : "07557ED0-ECA2-4164-B9D1-A2AEBF5F32FA",
  "type" : "NLPIntent"
}