{
  "botPrompts" : [ {
    "sequenceNr" : null,
    "text" : "Please enter CURP"
  } ],
  "fuzzyMatch" : false,
  "multiValue" : false,
  "name" : "CURP",
  "patternExpression" : "^([A-Z][AEIOUX][A-Z]{2}\\d{2}(?:0[1-9]|1[0-2])(?:0[1-9]|[12]\\d|3[01])[HM](?:AS|B[CS]|C[CLMSH]|D[FG]|G[TR]|HG|JC|M[CNS]|N[ETL]|OC|PL|Q[TR]|S[PLR]|T[CSL]|VZ|YN|ZS)[B-DF-HJ-NP-TV-Z]{3}[A-Z\\d])(\\d)$",
  "promptForDisambiguation" : true,
  "trackingId" : "4C2454E8-7A33-435C-AF49-328371EB4A4C",
  "type" : "PATTERNBASED",
  "validationRules" : [ ]
}