{
  "botPrompts" : [ {
    "sequenceNr" : null,
    "text" : "Please enter PERSONA"
  } ],
  "description" : "Tipo de becario (Estudiante, Profesor)",
  "enumValues" : [ {
    "type" : "StaticEntityValue",
    "canonicalName" : "Estudiante",
    "extensionType" : null,
    "nativeLanguageTag" : "es",
    "primaryLanguageCanonicalName" : "Estudiante",
    "synonyms" : [ "alumno", "colegial" ],
    "trackingId" : "CB69356E-F5A3-49CC-9FFD-2E88046D848A"
  }, {
    "type" : "StaticEntityValue",
    "canonicalName" : "Profesor",
    "extensionType" : null,
    "nativeLanguageTag" : "es",
    "primaryLanguageCanonicalName" : "Profesor",
    "synonyms" : [ "academico", "maestro" ],
    "trackingId" : "6901C572-C3B2-4BA8-9241-EF581D4CEA75"
  } ],
  "fuzzyMatch" : false,
  "multiValue" : false,
  "name" : "PERSONA",
  "promptForDisambiguation" : true,
  "trackingId" : "62B9E054-74A8-46A4-8B5D-FA069E96E23F",
  "type" : "ENUMVALUES",
  "validationRules" : [ ]
}