{
  "autoCompleteData" : [ ],
  "description" : "Este intent nos ayuda a registrarnos para la convocatoria.",
  "enabled" : true,
  "exampleData" : [ {
    "contributor" : null,
    "crowdJobId" : null,
    "detectedLanguage" : null,
    "developerId" : null,
    "developerTag" : null,
    "exampleEntities" : [ ],
    "nativeLanguageTag" : "es",
    "sentence" : "quiero registrarme",
    "trackingId" : "CF50F694-262A-4620-9B8C-BC30A6CF33CE",
    "translated" : null,
    "translatedBy" : null,
    "translatedLanguage" : null
  }, {
    "contributor" : null,
    "crowdJobId" : null,
    "detectedLanguage" : null,
    "developerId" : null,
    "developerTag" : null,
    "exampleEntities" : [ ],
    "nativeLanguageTag" : "es",
    "sentence" : "registrame",
    "trackingId" : "505EBCFD-323B-487B-A5E2-D864BB896448",
    "translated" : null,
    "translatedBy" : null,
    "translatedLanguage" : null
  }, {
    "contributor" : null,
    "crowdJobId" : null,
    "detectedLanguage" : null,
    "developerId" : null,
    "developerTag" : null,
    "exampleEntities" : [ ],
    "nativeLanguageTag" : "es",
    "sentence" : "¿cómo me registro?",
    "trackingId" : "F64C78CA-69DF-4F4F-8630-04C19AADCA37",
    "translated" : null,
    "translatedBy" : null,
    "translatedLanguage" : null
  } ],
  "intentParameters" : [ ],
  "name" : "registro_beca",
  "trackingId" : "6683C093-5A18-4287-BFD1-598C636E9A0F",
  "type" : "NLPIntent"
}